date,storage_pct_full,storage_vs_5yr_avg_ppt,storage_5yr_avg,injection_gwh,injection_30d_avg_gwh,injection_vs_30d_avg_gwh,ttf_price_eur_mwh,ttf_30d_momentum_pct,ttf_90d_momentum_pct,ttf_curve_premium_pct,eua_price_eur,eua_30d_momentum_pct,gas_carbon_30d_corr,de_da_price_eur_mwh,fr_da_price_eur_mwh,nl_da_price_eur_mwh,be_da_price_eur_mwh,es_da_price_eur_mwh,clean_spark_spread_eur_mwh,de_power_gas_spread_mwh
2025-11-09,82.55,-6.7379999999999995,89.288,629.29,,,,,,,,,,99.0046875,60.37041666666667,93.5203125,89.13322916666668,57.8996875,,
2025-11-10,82.39,-6.7620000000000005,89.152,564.24,,,31.07099914550781,,,,76.93499755859375,,,109.8884375,49.130208333333336,97.5665625,82.77947916666666,81.68635416666667,30.937365655393016,78.81743835449218
2025-11-11,82.3,-6.748000000000005,89.048,896.38,,,31.101999282836918,,,,77.68499755859375,,,96.88729166666668,22.820833333333336,85.92770833333333,71.19364583333333,66.8775,17.721454235673768,65.78529238382977
2025-11-12,82.22,-6.706000000000003,88.926,822.38,,,30.933000564575195,,,,78.87999725341797,,,80.32375,21.2346875,73.09552083333334,67.28010416666667,27.780833333333334,1.2614179740438676,49.39074943542481
2025-11-13,82.11,-6.670000000000002,88.78,682.14,718.886,-36.74599999999998,30.45800018310547,,,,78.27999877929688,,,69.84625,31.58520833333333,75.79052083333333,64.2753125,31.89979166666667,-8.125493800571993,39.38824981689453
2025-11-14,82.03,-6.597999999999999,88.628,739.24,722.2783333333333,16.9616666666667,31.25,,,,77.9800033569336,,,106.733125,25.999791666666667,93.33625,80.3075,29.39333333333333,27.20565411781778,75.483125
2025-11-15,81.98,-6.4539999999999935,88.434,825.07,736.9628571428572,88.10714285714289,31.25,,,,77.9800033569336,,,90.70489583333334,31.2796875,82.99916666666667,77.1909375,31.4628125,11.177424951151117,59.45489583333334
2025-11-16,81.89,-6.327999999999989,88.21799999999999,631.66,723.8,-92.13999999999999,31.25,,,,77.9800033569336,,,101.43625,36.919583333333335,91.4915625,85.00010416666667,34.138958333333335,21.90877911781778,70.18625
2025-11-17,81.62,-6.3799999999999955,88.0,300.7,676.7888888888889,-376.0888888888889,31.417999267578125,,,,76.86000061035156,,,94.71447916666666,63.59395833333334,84.48645833333333,89.513125,79.20677083333334,15.070393191175391,63.29647989908854
2025-11-18,81.16,-6.603999999999999,87.764,234.59,632.569,-397.9789999999999,31.694000244140625,,,,78.18000030517578,,,101.96520833333334,88.05572916666667,99.61895833333334,99.11489583333334,79.07770833333333,21.49121512038043,70.27120808919271
2025-11-19,80.7,-6.834000000000003,87.534,185.87,591.96,-406.09000000000003,30.940000534057617,,,,77.63500213623047,,-0.24772207814931838,102.534375,87.57989583333334,99.640625,98.74239583333332,100.16385416666668,23.709246335710795,71.59437446594238
2025-11-20,80.14,-7.116,87.256,143.62,554.5983333333334,-410.97833333333335,31.15900039672852,,,,78.25,,-0.23754131244913057,125.98635416666669,102.18677083333334,122.61395833333334,116.62854166666666,84.54489583333334,46.590057438649296,94.82735376993817
2025-11-21,79.54,-7.387999999999991,86.928,146.31,523.1915384615385,-376.88153846153847,30.197999954223636,,,,77.4749984741211,,-0.03515149066552339,146.4821875,112.72145833333332,141.46208333333334,133.6184375,60.141041666666666,69.20366647307728,116.28418754577638
2025-11-22,79.07,-7.463999999999999,86.53399999999999,233.77,502.5185714285714,-268.7485714285714,30.197999954223636,,,,77.4749984741211,,0.06727923110773253,91.2475,86.1615625,88.11885416666667,91.37958333333334,59.06958333333333,13.968978973077263,61.04950004577637
2025-11-23,78.63,-7.522000000000006,86.152,342.89,491.87666666666667,-148.98666666666668,30.197999954223636,,,,77.4749984741211,,0.13302106363171284,71.42635416666667,69.90927083333334,72.7146875,71.76958333333333,39.87583333333333,-5.8521668602560695,41.22835421244304
2025-11-24,78.08,-7.685999999999993,85.76599999999999,172.67,471.92625,-299.25625,29.746999740600582,,,,77.58499908447266,,0.16609041731297344,132.36197916666666,77.94052083333334,122.12104166666668,111.32854166666668,41.774166666666666,55.98164661568362,102.61497942606607
2025-11-25,77.52,-7.908000000000001,85.428,133.53,452.02058823529416,-318.4905882352941,29.38599967956543,,,,78.79499816894531,,-0.12936537963936293,220.5169791666667,70.0,147.57250000000002,108.04802083333334,48.16635416666667,144.62896161905925,191.13097948710126
2025-11-26,76.93,-8.153999999999996,85.084,134.54,434.3827777777778,-299.84277777777777,29.368000030517575,,,,78.48500061035156,,-0.23872990852570747,161.5178125,96.3196875,151.691875,132.84479166666668,69.2121875,85.72914843687718,132.1498124694824
2025-11-27,76.4,-8.323999999999998,84.724,236.09,423.94631578947366,-187.85631578947365,29.368000030517575,,,,79.2750015258789,,-0.39506196837278335,91.17833333333334,83.9303125,83.4753125,89.28677083333334,86.01583333333333,15.230089085274013,61.81033330281576
2025-11-28,75.94,-8.366000000000014,84.30600000000001,233.11,414.4045,-181.29449999999997,28.816999435424805,,,,80.07499694824219,,-0.5703998488420203,85.04822916666667,78.09708333333333,81.24260416666667,81.89520833333333,98.72885416666666,10.062876853683374,56.23122973124187
2025-11-29,75.62,-8.21799999999999,83.838,367.74,412.1823809523809,-44.442380952380915,28.816999435424805,,,,80.07499694824219,,-0.6581352386890681,90.19322916666664,73.81010416666668,87.58947916666666,86.97458333333333,82.23447916666667,15.207876853683342,61.376229731241835
2025-11-30,75.21,-8.146,83.356,326.57,408.29090909090905,-81.72090909090906,28.816999435424805,,,,80.07499694824219,,-0.7111535766417356,84.1484375,78.3259375,82.8196875,82.711875,74.91572916666667,9.163085187016701,55.331438064575195
2025-12-01,74.79,-8.102000000000004,82.89200000000001,175.39,398.1647826086957,-222.77478260869572,28.226999282836918,,,,79.55999755859375,,-0.7370145880164554,93.43135416666668,77.99322916666667,82.97354166666666,89.74541666666666,91.7784375,19.754113674449275,65.20435488382977
2025-12-02,74.26,-8.156000000000006,82.41600000000001,161.07,388.28583333333336,-227.21583333333336,28.049999237060547,,,,78.75499725341797,,-0.7069357922739263,100.37,83.1275,85.99666666666667,91.93208333333332,88.64958333333334,27.216594152645193,72.32000076293946
2025-12-03,73.66,-8.288000000000011,81.94800000000001,151.74,378.824,-227.084,28.20599937438965,,,,78.76000213623047,,-0.692262587651459,164.806875,89.92364583333334,132.38364583333333,119.00354166666666,70.41666666666667,91.33409053911481,136.60087562561034
2025-12-04,73.12,-8.349999999999994,81.47,158.45,370.3480769230769,-211.89807692307693,27.08799934387207,,,,79.41999816894531,,-0.7012507562286177,124.86104166666668,76.17416666666666,97.59447916666666,101.82427083333334,64.7665625,53.53657072251509,97.77304232279461
2025-12-05,72.57,-8.39,80.96,236.16,365.3781481481481,-129.21814814814812,27.266000747680664,,,,78.80000305175781,,-0.6768070032165882,133.28635416666663,80.01489583333334,115.45958333333334,107.88229166666667,70.61416666666666,61.72385406514897,106.02035341898596
2025-12-06,72.26,-8.206000000000003,80.46600000000001,389.14,366.2267857142857,22.913214285714275,27.266000747680664,,,,78.80000305175781,,-0.6603313699956448,79.61416666666666,25.160104166666667,73.05135416666667,67.074375,33.072604166666665,8.051666565149002,52.348165918986
2025-12-07,72.04,-7.9739999999999895,80.014,645.71,375.86413793103446,269.8458620689656,27.266000747680664,,,,78.80000305175781,,-0.648723570047258,80.39229166666667,20.183541666666667,74.8671875,62.12854166666667,32.29739583333333,8.829791565149005,53.126290918986
2025-12-08,71.79,-7.799999999999997,79.59,679.87,385.9976666666667,293.8723333333333,26.871000289916992,,,,78.98500061035156,,-0.644885892471048,70.63520833333332,34.75291666666667,65.64989583333333,63.85885416666667,55.322187500000005,-0.15853789182910205,43.76420804341633
2025-12-09,71.52,-7.671999999999997,79.192,366.65,377.243,-10.593000000000018,27.48900032043457,,,-6.834633417341231,79.63999938964844,,-0.6655239809948742,91.57416666666668,28.793125,82.6740625,77.31125,63.17197916666667,19.386886136009597,64.08516634623211
2025-12-10,71.23,-7.559999999999988,78.78999999999999,451.92,373.49899999999997,78.42100000000005,26.601999282836918,-14.383186848103058,,-9.55372727725569,78.99500274658203,2.6775918026375134,-0.6434152848075942,78.5034375,67.454375,75.27208333333333,74.29552083333333,103.00604166666666,8.25665249042121,51.90143821716309
2025-12-11,70.84,-7.483999999999995,78.324,299.14,353.591,-54.45100000000002,26.80500030517578,-13.815828810826181,,-8.6103920779251,80.7750015258789,3.977607085530921,-0.664339776942898,94.45552083333332,79.88791666666667,91.13520833333332,90.49083333333334,96.18864583333334,23.434888269645008,67.65052052815754
2025-12-12,70.39,-7.4140000000000015,77.804,306.87,336.4073333333333,-29.537333333333322,27.68400001525879,-10.503347525351925,,-5.452678487396391,80.6500015258789,2.2439203018408405,-0.690769123102346,113.4434375,83.51458333333333,106.1940625,104.23458333333332,97.185,40.65417797695861,85.75943748474121
2025-12-13,70.04,-7.2180000000000035,77.25800000000001,420.22,327.6766666666666,92.54333333333341,27.68400001525879,-9.107624109167123,,-5.300806647877295,80.6500015258789,3.027596810858446,-0.6927549129638261,95.91864583333334,76.39822916666667,92.0875,90.496875,79.19677083333333,23.12938631029195,68.23464581807455
2025-12-14,69.73,-7.0120000000000005,76.742,434.24,317.51,116.73000000000002,27.68400001525879,-11.41119995117188,,-5.157165640197883,80.6500015258789,3.423952364715954,-0.6894457844101626,86.20822916666667,69.57802083333333,83.35791666666667,82.01135416666666,78.56614583333334,13.418969643625275,58.52422915140788
2025-12-15,69.25,-7.003999999999991,76.25399999999999,261.52,298.725,-37.20500000000004,27.424999237060547,-12.24000244140625,,-5.886459767366674,82.02999877929688,5.193633300867484,-0.6703028340429562,87.40270833333334,73.87854166666666,84.55270833333334,83.76427083333333,92.47010416666666,14.863262381832616,59.97770909627279
2025-12-16,68.64,-7.177999999999997,75.818,211.08,284.7056666666667,-73.62566666666666,26.763999938964844,-14.3552001953125,,-7.951917310478709,82.1050033569336,5.289817674306652,-0.6797855975235861,106.74447916666666,91.58072916666669,104.85489583333332,102.20020833333332,94.52697916666666,35.53886044986231,79.98047922770182
2025-12-17,68.15,-7.271999999999991,75.422,224.89,282.17866666666663,-57.28866666666664,27.35700035095215,-12.925708228711851,,-5.765821261525395,81.31999969482422,5.80275702453219,-0.6471754437951426,106.39666666666666,85.0,101.37833333333332,99.6103125,101.41052083333334,34.13941376718533,79.03966631571451
2025-12-18,67.86,-7.197999999999993,75.05799999999999,1031.06,308.72766666666666,722.3323333333333,27.652000427246094,-12.75320182292795,,-4.63351804452928,80.91500091552734,3.498337937676488,-0.6489271286674291,74.22302083333334,34.254375,72.029375,64.40958333333333,85.0490625,1.44553671524152,46.57102040608724
2025-12-19,67.51,-7.167999999999992,74.678,342.83,313.9596666666667,28.870333333333292,28.160999298095703,-8.981904292156983,,-2.808146468371326,81.77999877929688,5.339082281202168,-0.5909061729188784,70.07041666666667,67.575625,68.47697916666667,69.0703125,102.7603125,-3.9205702257221198,41.90941736857097
2025-12-20,67.16,-7.140000000000001,74.3,336.3,320.3823333333333,15.917666666666719,28.160999298095703,-9.621621555444971,,-2.7415328046704097,81.77999877929688,4.511180548622207,-0.5542660250015639,103.05697916666666,70.15895833333333,97.595625,93.5134375,70.76802083333332,29.06599227427787,74.89597986857096
2025-12-21,66.89,-7.052000000000007,73.94200000000001,466.8,331.06533333333334,135.73466666666667,28.160999298095703,-6.745482016079773,,-2.6780062717127766,81.77999877929688,5.556631674686363,-0.47976617003886063,91.5690625,61.47958333333333,86.96468750000001,83.1825,61.47958333333333,17.578075607611208,63.4080632019043
2025-12-22,66.48,-7.125999999999991,73.606,264.0,332.07300000000004,-68.07300000000004,27.687000274658203,-8.315119158128992,,-4.219967378222588,82.33499908447266,6.272992198863925,-0.40401639117116156,85.55427083333332,72.8853125,84.77885416666668,82.7421875,70.59979166666666,12.418518825089837,57.867270558675116
2025-12-23,66.08,-7.244,73.324,195.61,327.16366666666664,-131.55366666666663,27.73200035095215,-8.166102414099052,,-3.975596662887746,83.06500244140625,7.215235982421331,-0.29213231074028323,74.7309375,76.29416666666667,76.99916666666667,76.11614583333333,77.9146875,1.3558879232601164,46.99893714904785
2025-12-24,65.67,-7.439999999999998,73.11,243.39,329.521,-86.13100000000003,28.09499931335449,-5.553502678091393,,-2.6598737794207263,82.80999755859375,6.734547316849548,-0.14717874933850106,69.38437499999999,37.37,66.04572916666667,60.8296875,40.6403125,-4.679977799396131,41.2893756866455
2025-12-25,65.15,-7.763999999999996,72.914,158.58,330.356,-171.77599999999998,28.09499931335449,-4.393249779787767,,-2.6035558994485744,82.80999755859375,5.095500327368274,-0.0513815734111116,69.75135416666667,47.43395833333333,66.45395833333333,63.31677083333333,48.69875,-4.31299863272945,41.65635485331218
2025-12-26,64.6,-8.096000000000004,72.696,190.63,332.22566666666665,-141.59566666666666,28.09499931335449,-4.33465239662304,,-2.5495734243390396,82.80999755859375,5.510603191193386,0.08378476013827314,97.53479166666666,87.36770833333333,96.1265625,94.68614583333334,89.19677083333333,23.47043886727054,69.43979235331217
2025-12-27,64.15,-8.301999999999992,72.452,287.55,333.941,-46.39099999999996,28.09499931335449,-4.33465239662304,,-2.4977840371238083,82.80999755859375,4.459156057614022,0.20702364738711537,91.44416666666666,80.47364583333334,90.288125,88.63770833333332,80.11583333333333,17.37981386727054,63.34916735331217
2025-12-28,63.7,-8.501999999999995,72.202,236.71,334.061,-97.35099999999997,28.09499931335449,-2.5054659965144,,-2.448056754138108,82.80999755859375,3.4155488162171066,0.27306948075603166,92.76677083333334,84.07000000000001,92.456875,90.5734375,78.93604166666667,18.702418033937217,64.67177151997885
2025-12-29,63.12,-8.838000000000001,71.958,119.34,325.781,-206.441,28.53400039672852,-0.9820558845151428,,-0.9054418771039808,82.06999969482422,2.491417824057529,0.3562146040458098,94.34833333333334,94.4665625,96.22385416666668,95.17833333333334,107.19760416666666,19.53753952410432,65.81433293660483
2025-12-30,62.53,-9.207999999999998,71.738,121.86,318.9573333333334,-197.09733333333338,27.766000747680664,-3.6471482400494026,,-3.5050006941504863,81.94499969482422,2.3353141652827425,0.429981571646156,87.75999999999999,84.36791666666666,87.28625,86.89770833333334,91.2346875,14.541802413317608,59.99399925231933
2025-12-31,61.96,-9.57,71.53,151.92,318.17500000000007,-166.25500000000008,28.160999298095703,-0.2338186361217076,,-2.092117618328574,82.02999877929688,3.1045767929844814,0.4938413762917895,87.31375000000001,89.06697916666667,87.45968749999999,88.85312499999999,97.819375,13.27226310761122,59.15275070190431
2026-01-01,61.5,-12.307500000000005,73.8075,311.6,323.19266666666664,-11.592666666666616,28.160999298095703,0.3957221534911737,,-2.0534542798463886,82.02999877929688,4.158468211662303,0.5705033121886374,9.754166666666666,48.67958333333333,47.34802083333333,51.75239583333333,81.86645833333334,-64.28732022572213,-18.406832631429037
2026-01-02,60.96,-12.669999999999995,73.63,278.39,327.41433333333333,-49.024333333333345,29.003999710083008,2.8291865326279586,,0.8621684392795106,83.20500183105469,5.643727240047225,0.6981451144683112,54.69041666666666,68.0440625,63.1975,72.15177083333333,82.935,-21.30882984623294,25.68641695658365
2026-01-03,60.4,-12.9775,73.3775,243.71,330.2563333333334,-86.54633333333337,29.003999710083008,7.073244287582958,,0.8463599758636198,83.20500183105469,4.765806785915272,0.7023145692907494,88.6715625,88.99583333333334,88.59052083333334,88.72479166666666,88.42770833333333,12.672315987100397,59.667562789916985
2026-01-04,59.73,-13.34000000000001,73.07000000000001,151.36,327.4296666666667,-176.0696666666667,29.003999710083008,6.37423499869223,,0.8311207928349535,83.20500183105469,5.590099757234235,0.716065093252387,94.43583333333332,94.05510416666668,94.3265625,94.29260416666666,66.783125,18.436586820433725,65.43183362325031
2026-01-05,58.88,-13.852499999999985,72.73249999999999,67.46,316.707,-249.247,27.39900016784668,0.4877848474984958,,-4.669170291388966,82.01499938964844,4.079944433224125,0.7017083920460784,134.4115625,128.20885416666667,133.59260416666666,132.85291666666666,95.43760416666667,61.928205750134524,107.01256233215332
2026-01-06,58.03,-14.400000000000006,72.43,57.85,297.1116666666667,-239.26166666666668,28.07200050354004,2.956061518952091,,-2.2883515801452363,82.77999877929688,5.0507558038099365,0.7055605454693558,127.42458333333332,127.40020833333334,124.67458333333332,127.870625,62.895520833333336,53.413226633915265,99.35258282979328
2026-01-07,57.13,-14.925000000000004,72.055,68.95,276.7476666666667,-207.79766666666671,28.777000427246094,7.093149182259162,,0.16276675469411997,82.80999755859375,4.842687749173602,0.6790309231439791,99.39666666666666,105.33822916666666,95.00020833333332,103.84916666666668,102.3259375,23.940474859328486,70.61966623942057
2026-01-08,56.24,-15.344999999999992,71.585,94.97,267.69166666666666,-172.72166666666666,27.698999404907227,0.7639386009848703,,-3.5316709892228597,83.0199966430664,4.2440950267728095,0.6636532211571639,154.1209375,108.16104166666666,149.816875,133.134375,81.38416666666667,80.82232796400419,126.42193809509277
2026-01-09,55.48,-15.582500000000003,71.0625,124.16,256.7663333333333,-132.6063333333333,28.374000549316406,6.661158237165843,,-1.161686733041817,84.18000030517578,6.563703244909491,0.572198820809776,78.7003125,70.61416666666666,82.8046875,77.76895833333333,53.39625,3.789828868320999,50.32631195068359
2026-01-10,54.72,-15.697500000000005,70.4175,140.28,251.471,-111.191,28.374000549316406,5.853386406556638,,-1.143164043557769,84.18000030517578,4.215411593902574,0.5218939722828743,97.55666666666669,80.40291666666667,95.34229166666668,93.26729166666668,73.2321875,22.64618303498769,69.18266611735028
2026-01-11,53.96,-15.875000000000007,69.83500000000001,169.53,246.893,-77.363,28.374000549316406,2.4924163187303394,,-1.1252227594059867,84.18000030517578,4.3769357873653325,0.5181817344838744,95.7759375,87.86677083333332,92.70322916666667,93.28604166666666,80.62875,20.865453868321,67.40193695068359
2026-01-12,53.18,-16.072499999999998,69.2525,192.35,239.29733333333334,-46.94733333333335,30.246000289916992,9.254443986584615,,5.3093040539508785,84.80000305175781,5.145693053145517,0.6286723966393457,104.349375,86.4940625,88.79364583333334,94.07416666666668,88.51458333333333,25.493243179632685,74.103374710083
2026-01-13,52.48,-16.187500000000007,68.6675,129.41,229.13633333333334,-99.72633333333334,31.472999572753903,13.686604375836954,,9.420128323985693,85.30000305175781,5.765655843647832,0.7310639986870476,105.7084375,90.05083333333333,98.17989583333332,100.33375,95.68666666666668,24.247225510577778,74.2354379272461
2026-01-14,51.87,-16.23000000000001,68.10000000000001,338.98,231.71833333333333,107.26166666666668,31.8129997253418,16.00000222552993,,10.4247992436253,86.62999725341797,5.607702721656094,0.8192742830602965,118.13895833333332,112.486875,114.08979166666668,115.83864583333332,115.53604166666666,35.715209652751454,86.32595860799152
2026-01-15,51.32,-16.214999999999996,67.535,297.42,234.59633333333335,62.82366666666667,33.15800094604492,23.890304220824852,,14.83468481746362,86.53500366210938,5.395530264967308,0.8628202548257922,101.46479166666668,97.57989583333334,97.5996875,100.13729166666668,106.40541666666668,16.315331241114624,68.30679072062176
2026-01-16,50.82,-16.1025,66.9225,481.55,243.15166666666667,238.39833333333334,36.87900161743164,34.80645225838177,,27.202900777792298,86.56500244140625,6.449831242333204,0.8326821682385317,109.72833333333334,112.84572916666669,107.62760416666669,114.66895833333332,118.99052083333332,16.97893423316592,72.8493317159017
2026-01-17,50.32,-15.93,66.25,398.34,222.061,176.27899999999997,36.87900161743164,33.368295413065276,,26.70337911831887,86.56500244140625,6.9826379063844035,0.8537946084324588,112.2578125,112.74145833333334,110.05604166666669,113.9934375,127.23635416666669,19.50841339983258,75.37881088256836
2026-01-18,49.81,-15.769999999999996,65.58,439.04,225.268,213.77200000000002,36.87900161743164,30.95771647537189,,26.221871904249866,86.56500244140625,5.851068395125392,0.8713023406642156,109.37260416666668,110.44354166666666,107.98177083333331,111.32208333333334,118.38916666666668,16.623205066499256,72.49360254923504
2026-01-19,49.08,-15.837500000000006,64.9175,64.27,216.20033333333333,-151.93033333333335,36.87900161743164,30.95771647537189,,25.757421903101722,82.98999786376953,1.4795782618414188,0.7564797731252029,139.99479166666666,134.34020833333332,138.98229166666667,137.01739583333332,129.8628125,47.96754349118186,103.11579004923502
2026-01-20,48.3,-15.9375,64.2375,84.07,203.4426666666667,-119.3726666666667,35.887001037597656,27.435112148255335,,21.99558608491357,79.94000244140625,-2.2499344159398915,0.5175436131583071,156.17010416666668,101.63708333333334,122.75947916666668,119.88479166666669,102.13270833333333,66.78344604575229,120.28310312906902
2026-01-21,47.57,-16.0,63.57,243.44,202.75733333333335,40.68266666666665,39.20800018310547,41.611585921759776,,32.680143280988794,82.28500366210938,-0.060721956542431066,0.3849346305529811,116.99697916666666,87.74083333333334,107.0128125,106.62833333333332,82.57104166666666,20.359081522623693,77.7889789835612
2026-01-22,46.82,-16.14,62.96,186.64,202.45833333333334,-15.818333333333356,38.07899856567383,37.31068110406406,,28.359000952301123,83.21499633789062,0.18057411915466393,0.3434647445161433,105.28072916666667,88.61614583333333,102.42177083333333,103.16197916666664,59.8359375,10.75905793564985,67.20173060099285
2026-01-23,46.1,-16.265,62.365,224.82,201.83933333333334,22.98066666666665,40.03900146484375,42.51291134864659,,34.33959050680805,83.17500305175781,0.44077466963550194,0.2911640084612147,110.293125,102.76166666666668,109.28833333333334,109.86770833333333,38.396770833333335,11.779526496108705,70.25412353515625
2026-01-24,45.51,-16.285000000000004,61.795,389.22,209.52733333333336,179.69266666666667,40.03900146484375,42.51291134864659,,33.73532520367791,83.17500305175781,0.44077466963550194,0.24802043995555717,111.95552083333332,104.3071875,111.30427083333336,110.66458333333333,21.04072916666667,13.441922329442026,71.91651936848957
2026-01-25,44.91,-16.345000000000006,61.255,487.52,219.42366666666666,268.0963333333333,40.03900146484375,42.51291134864659,,33.151958370284646,83.17500305175781,0.44077466963550194,0.21040279379495158,111.92833333333334,99.86333333333332,110.52395833333333,109.670625,11.253541666666663,13.414734829442043,71.88933186848959
2026-01-26,44.19,-16.525000000000006,60.715,456.32,225.04933333333332,231.27066666666667,39.11199951171875,39.213384828692675,,29.569667330517248,82.33000183105469,-0.5796349978146487,0.1535869900495327,141.3096875,116.59583333333336,138.25447916666667,136.93447916666665,35.52104166666667,44.85861996335398,102.19768798828125
2026-01-27,43.53,-16.700000000000003,60.230000000000004,225.52,224.67633333333333,0.8436666666666781,38.76100158691406,37.964059563047115,,27.94681424128502,83.20999908447266,0.4830353069336546,0.12783685676817105,130.60614583333333,94.4878125,117.160625,117.46572916666666,28.8175,34.69364114701666,91.84514424641927
2026-01-28,42.85,-16.910000000000004,59.760000000000005,152.48,225.781,-73.30100000000002,38.86100006103516,36.19190972426936,,27.8250886454622,81.31999969482422,-0.9138540304482246,0.041704520705685776,136.82791666666665,126.51947916666668,135.82885416666667,135.83041666666665,28.05875,41.09311333844447,97.9669166056315
2026-01-29,42.15,-17.17,59.32,175.3,227.56233333333333,-52.262333333333316,40.11299896240234,44.46804682792871,,31.424986326991533,78.80999755859375,-3.825739395821215,-0.11281814201362363,132.40229166666668,117.2315625,126.05541666666666,131.0009375,26.090625,34.61940897125455,92.28929270426434
2026-01-30,41.54,-17.305,58.845,265.93,231.36266666666668,34.56733333333332,39.28499984741211,39.50144109434579,,28.26304489949529,76.80500030517578,-6.369619105053315,-0.23332443902145666,113.68802083333333,104.03677083333334,110.91697916666668,113.905,12.607708333333331,17.999941695336577,74.40302098592122
2026-01-31,41.02,-17.324999999999996,58.345,231.93,228.707,3.223000000000013,39.28499984741211,39.50144109434579,,27.827767558062067,76.80500030517578,-6.369619105053315,-0.32022347341752794,109.38927083333334,111.61145833333336,113.11010416666666,112.76197916666666,5.5676041666666665,13.701191695336593,70.10427098592123
2026-02-01,40.53,-17.3575,57.8875,344.49,230.91033333333334,113.57966666666667,39.28499984741211,35.44683574712282,,27.405694219453437,76.80500030517578,-7.691847106588523,-0.36665059241253917,108.58666666666666,110.04760416666666,112.44958333333334,111.26572916666667,24.575625,12.89858752866991,69.30166681925455
2026-02-02,39.87,-17.557500000000005,57.4275,109.47,226.4356666666667,-116.96566666666669,33.94499969482422,17.035581416805456,,9.956977560267596,78.37000274658203,-5.81094763304012,-0.3463460782775736,107.74333333333334,109.9253125,108.75010416666667,110.3196875,13.8340625,22.637083197249844,73.79833363850912
2026-02-03,39.18,-17.8525,57.0325,175.16,227.22899999999998,-52.06899999999999,32.86000061035156,13.294721206772198,,6.362696201143822,77.5199966430664,-6.832528168837149,-0.3047315883760128,98.47604166666667,86.94156249999999,97.23572916666666,98.39927083333332,32.741770833333334,15.755776609355904,65.61604105631511
2026-02-04,38.5,-18.127499999999998,56.6275,337.24,236.22166666666666,101.01833333333335,33.500999450683594,22.27088304484097,,8.332445547043765,78.08499908447266,-4.791806784640185,-0.30092970592034485,102.954375,88.65375,101.17072916666666,100.97958333333334,17.219479166666666,18.81181855088837,69.4533755493164
2026-02-05,37.89,-18.367499999999993,56.25749999999999,360.34,246.3046666666667,114.03533333333328,33.73500061035156,20.173126265430884,,8.976579772917948,73.55999755859375,-11.137957666905685,-0.24284933792176802,110.54197916666668,70.249375,102.64416666666666,101.2946875,6.3038541666666665,26.835919638705107,76.80697855631512
2026-02-06,37.37,-18.427500000000002,55.7975,406.98,257.57233333333335,149.40766666666667,35.694000244140625,24.036555979425533,,15.106932561268765,74.40499877929688,-10.149739194654316,-0.2287234645175146,121.88333333333333,69.349375,115.23197916666668,109.8846875,9.391875,34.008625122485505,86.1893330891927
2026-02-07,37.04,-18.25,55.29,725.87,278.6023333333333,447.2676666666667,35.694000244140625,28.86386155095908,,14.914043815683623,74.40499877929688,-10.377015432569314,-0.20865750249497783,107.51552083333333,62.65177083333333,101.49270833333333,95.149375,6.854791666666667,19.640812622485505,71.8215205891927
2026-02-08,36.67,-18.1475,54.8175,483.8,290.5903333333334,193.20966666666664,35.694000244140625,25.798264443187847,14.878829859905562,14.724323046663395,74.40499877929688,-11.612023628464986,-0.16309994425057492,104.05239583333334,76.61145833333333,100.43427083333334,96.741875,5.924270833333334,16.177687622485514,68.35839558919271
2026-02-09,36.12,-18.242500000000007,54.362500000000004,221.72,293.305,-71.58500000000001,33.49599838256836,18.05172952030325,7.697251478790079,7.567745413882125,76.76000213623047,-8.814443029277463,-0.0874225931906562,139.27885416666666,83.6040625,131.59770833333332,123.1125,20.951041666666665,55.414153362559624,105.7828557840983
2026-02-10,35.62,-18.325000000000003,53.945,272.85,296.749,-23.899,31.84600067138672,12.236554785553366,2.9515407175115804,2.23570117549716,74.55000305175781,-11.4397686130988,0.04937776346854879,116.84510416666666,55.555,107.763125,102.7796875,4.6946875,36.794165445340724,84.99910349527994
2026-02-11,35.2,-18.374999999999993,53.574999999999996,415.05,304.1723333333333,110.8776666666667,32.16699981689453,6.3512514334595815,5.611004082720483,3.20329657754516,74.27999877929688,-12.405664969186425,0.18928790116785116,112.53614583333332,13.610729166666667,100.61864583333332,89.75416666666666,4.227916666666666,31.88464767808977,80.36914601643879
2026-02-12,34.8,-18.277500000000003,53.0775,420.51,313.8756666666667,106.6343333333333,32.99399948120117,4.832713529358013,5.580798339843751,5.790837662583689,68.80999755859375,-19.331775970932096,0.34105044846892696,104.544375,16.833229166666666,97.99052083333332,87.81906249999999,5.701250000000001,23.310062674386153,71.55037551879883
2026-02-13,34.37,-18.292500000000004,52.6625,348.01,314.1766666666666,33.83333333333337,32.5,2.1594954282508017,4.0000000000000036,4.160508874658571,66.91500091552734,-22.757701677189857,0.5169277803918039,106.84072916666666,58.12072916666667,102.49572916666666,95.81791666666668,4.416354166666667,26.997368369485244,74.34072916666666
2026-02-14,33.95,-18.269999999999996,52.22,232.11,311.99966666666666,-79.88966666666664,32.5,-1.9844409411641784,4.0000000000000036,4.114164497072779,66.91500091552734,-22.672909130727803,0.6480990537725818,103.53916666666667,34.1190625,94.95875,85.30499999999999,2.13,23.695805869485255,71.03916666666667
2026-02-15,33.53,-18.295,51.825,259.27,304.5903333333333,-45.32033333333334,32.5,-11.87397007884783,3.443888082136559,4.0740820625560605,66.91500091552734,-22.699706546163977,0.6909299859549319,84.23937500000001,15.390104166666667,85.06406249999999,70.78625000000001,1.5535416666666666,4.396014202818591,51.73937500000001
2026-02-16,33.02,-18.4625,51.4825,175.79,297.17199999999997,-121.38199999999998,32.5,-11.87397007884783,2.5430672987023284,4.044244064034954,65.4000015258789,-24.44983575187145,0.7274685287796991,94.84375,12.131666666666668,93.36,77.85572916666666,4.40125,15.306419079527565,62.34375
2026-02-17,32.5,-18.652500000000003,51.1525,134.04,287.00533333333334,-152.96533333333335,29.82200050354004,-19.135553578966626,-3.6134454144140182,-4.491018000649949,66.25,-23.46791644251034,0.7797164439623236,97.57989583333334,45.73135416666667,91.1640625,85.52552083333335,26.781875,23.33617031590469,67.7578953297933
2026-02-18,31.97,-18.882500000000007,50.852500000000006,136.47,289.41200000000003,-152.94200000000004,31.481000900268555,-14.637057622003535,1.0334108907224193,0.8106034866392531,67.4800033569336,-18.688992536541615,0.8003227578580945,114.15333333333332,29.597291666666667,96.8659375,86.89020833333332,18.24375,36.27543204243977,82.67233243306477
2026-02-19,31.46,-19.07,50.53,130.4,290.95633333333336,-160.55633333333336,33.52299880981445,-6.587349623632566,11.010659184817184,7.222777208055548,67.30000305175781,-15.811857647756767,0.8040158450865889,92.9390625,37.395,84.37989583333334,81.70458333333333,14.870208333333332,10.930178598209313,59.41606369018555
2026-02-20,31.07,-19.1725,50.2425,208.34,289.78633333333335,-81.44633333333334,32.02899932861328,-18.310040861470878,6.063313388850955,2.377625175547396,69.21499633789062,-15.883826630048791,0.8022332131631789,86.99885416666666,47.09041666666667,88.0596875,78.8575,28.38208333333333,7.652120154140743,54.96985483805338
2026-02-21,30.86,-19.0775,49.9375,776.55,309.45,467.09999999999997,32.02899932861328,-15.888020864378237,6.063313388850955,2.3110932500372567,69.21499633789062,-16.823890664074113,0.8049667825230449,62.51458333333333,16.736458333333335,70.76291666666667,54.96427083333333,29.105416666666667,-16.83215067919259,30.485584004720046
2026-02-22,30.79,-18.877500000000005,49.667500000000004,1739.59,359.94233333333335,1379.6476666666665,32.02899932861328,-20.005499246187874,7.67136049992323,2.2282945491284876,69.21499633789062,-16.783896846003376,0.7944788548621735,53.861875,9.5646875,54.36708333333333,43.9175,22.21020833333333,-25.48485901252592,21.832875671386716
2026-02-23,30.6,-18.817499999999995,49.4175,712.71,370.72533333333337,341.98466666666667,31.833999633789062,-20.49252361665186,8.33049745088623,1.5177728465114633,67.43000030517578,-18.929969544797366,0.7815158173875583,68.05885416666666,27.675625,64.39552083333334,58.38364583333333,34.8246875,-10.529352086385096,36.2248545328776
2026-02-24,30.35,-18.8125,49.1625,464.59,369.961,94.62899999999996,30.891000747680664,-22.847724424884795,5.185919080565493,-1.5425574685968002,66.94499969482422,-19.513078162238294,0.7667595198947177,114.79364583333334,31.5378125,105.66041666666666,89.95020833333332,28.246458333333333,38.227897226242796,83.90264508565268
2026-02-25,30.19,-18.717499999999998,48.9075,848.6,383.03700000000003,465.563,31.049999237060547,-20.612600673209414,5.727319547790555,-1.0947031373226228,68.6500015258789,-16.61605733138186,0.748369028044597,93.6565625,26.969895833333336,87.3653125,79.4134375,29.90427083333333,16.42191681001625,62.60656326293946
2026-02-26,30.09,-18.540000000000003,48.63,1075.66,411.375,664.2850000000001,32.2239990234375,-16.864895889799435,11.8228811283678,2.5212803093087817,66.98500061035156,-19.498856691068934,0.7219224570969149,76.8853125,22.747604166666665,76.95552083333332,65.74875,27.38083333333333,-2.4089209364287747,44.6613134765625
2026-02-27,30.05,-18.194999999999997,48.245,1452.77,454.71799999999996,998.052,31.958999633789062,-17.76073805719308,10.903287156614194,1.5653705416185677,66.00499725341797,-18.833008483620304,0.6880760057677723,64.92166666666667,12.701458333333331,71.25447916666667,55.3340625,20.100729166666667,-13.63379101074634,32.962667032877604
2026-02-28,29.98,-17.745,47.725,1780.41,508.2216666666667,1272.1883333333335,31.958999633789062,-20.3275734538222,10.903287156614194,1.4528115312125307,66.00499725341797,-16.24793896948862,0.654231441792145,53.35416666666666,17.029479166666665,58.03479166666667,45.8034375,14.501458333333334,-25.20129101074635,21.395167032877595
2026-03-01,29.97,-17.490000000000002,47.46,1344.21,544.1643333333334,800.0456666666666,31.958999633789062,-18.648339676920333,13.221385360722149,1.319440085808443,66.00499725341797,-14.061588449769225,0.6356400372075203,52.93427083333333,18.31552083333333,60.804375,47.525,14.999583333333334,-25.621186844079677,20.975271199544267
2026-03-02,29.89,-17.257499999999993,47.147499999999994,1095.5,572.95,522.55,44.50600051879883,13.290061579905155,58.666672831834134,40.28394269478648,66.17500305175781,-13.840241144692278,0.2529720698663486,92.865,29.297291666666663,86.68833333333333,77.05083333333333,18.361979166666668,-11.330923103799629,48.35899948120117
2026-03-03,29.75,-17.1,46.85,988.07,594.4026666666667,393.6673333333333,54.290000915527344,38.195242780696326,92.4767855055025,69.57423278565157,69.4000015258789,-9.641297766908362,0.06083996224033266,106.52447916666668,59.31854166666667,105.21822916666667,94.36375,28.43041666666667,-18.290241377330958,52.234478251139336
2026-03-04,29.59,-17.05,46.64,909.89,621.0833333333334,288.8066666666666,48.766998291015625,43.66474806141005,80.03174642740032,51.185703959903464,66.50499725341797,-15.139728311010591,-0.024463007890804734,147.3996875,75.06010416666668,142.28791666666666,131.5928125,56.508541666666666,34.44119174661442,98.63268920898437
2026-03-05,29.52,-16.815,46.335,1324.89,659.4076666666666,665.4823333333335,50.73099899291992,54.38526491365503,86.05955256285714,56.01340100478572,66.26000213623047,-14.525277340608689,-0.08172102930959319,110.85510416666666,83.24875,109.92666666666668,104.76989583333334,90.13572916666668,-6.062067270810918,60.12410517374674
2026-03-06,29.42,-16.6475,46.0675,1199.28,688.1423333333333,511.13766666666663,53.3849983215332,59.35344973847898,95.79328415471531,62.72298055427121,66.18499755859375,-15.239804911831323,-0.1351913954211157,123.79895833333336,72.43302083333333,121.71229166666666,113.20364583333333,63.240208333333335,1.4806126601031337,70.41396001180016
2026-03-07,29.4,-16.33,45.73,1523.27,726.9066666666666,796.3633333333333,53.3849983215332,58.24810243267655,95.79328415471531,61.29616545827612,66.18499755859375,-10.025829587780354,-0.17466129919085938,110.1634375,62.03875,105.93,98.9578125,62.56979166666667,-12.154908173230226,56.7784391784668
2026-03-08,29.4,-16.0475,45.4475,1717.76,770.5993333333333,947.1606666666667,53.3849983215332,49.56294603123577,98.67142177645414,59.87313884768189,66.18499755859375,-11.047646469406747,-0.21631062054090464,103.13,77.07656250000001,105.385625,101.78239583333334,78.68645833333333,-19.18834567323023,49.74500167846679
2026-03-09,29.3,-15.930000000000003,45.230000000000004,1106.58,783.2896666666668,323.29033333333314,56.45299911499024,58.15823031563219,105.36577706328822,67.44714199825023,66.80500030517578,-10.21436543082881,-0.23798225966901848,135.7873958333333,120.66229166666666,137.62979166666668,135.5959375,119.42260416666666,7.082583496197509,79.33439671834307
2026-03-10,29.27,-15.790000000000003,45.06,1126.56,804.715,321.8449999999999,47.39300155639648,32.77582011608886,78.15578841464558,39.61730647834205,68.7750015258789,-7.566692219319693,-0.22788249953112927,139.92239583333333,125.0259375,143.86864583333332,146.22135416666666,136.8609375,29.30943418552114,92.52939427693684
2026-03-11,29.24,-15.650000000000002,44.89,1184.37,836.8033333333333,347.5666666666666,49.98899841308594,49.23871753916937,86.4913182016773,46.15583590962628,67.65499877929688,-11.861650734160234,-0.21437478823334224,79.24552083333333,54.3984375,81.80145833333333,74.63010416666667,104.02833333333332,-36.439153028423284,29.256522420247393
2026-03-12,29.17,-15.54,44.71,972.39,860.1213333333334,112.2686666666666,50.869998931884766,59.737479932891226,83.75234396707984,47.619760308353676,64.29499816894531,-13.755874531209288,-0.23117983312128298,69.04572916666667,50.89666666666667,68.46729166666667,66.58822916666666,71.19875,-47.75818481424552,18.17573023478191
2026-03-13,29.1,-15.434999999999995,44.535,1135.0,884.1196666666667,250.88033333333328,50.1150016784668,55.79631909639811,81.02514683876807,44.384569578876544,65.1050033569336,-12.351905725825763,-0.23940833739532558,48.4365625,41.564375000000005,73.6796875,57.556041666666665,37.88572916666667,-66.99016180762466,-1.678439178466796
2026-03-14,29.03,-15.29,44.32,941.32,901.48,39.84000000000003,50.1150016784668,51.891260430614274,81.02514683876807,43.35519690995403,65.1050033569336,-5.384383567962258,-0.2535231219850656,120.7271875,109.493125,124.6753125,120.03708333333331,14.391875,5.300463192375343,70.6121858215332
2026-03-15,29.01,-15.149999999999995,44.16,1321.29,933.9226666666667,387.36733333333325,50.1150016784668,54.20000516451322,82.73474228850407,42.32876438644879,65.1050033569336,-2.70492047198605,-0.2877186427412637,100.2984375,63.3290625,96.19989583333334,89.87270833333334,6.443645833333334,-15.12828680762465,50.18343582153321
2026-03-16,28.93,-15.0775,44.0075,1063.89,961.6486666666667,102.24133333333339,50.887001037597656,56.57538780799278,90.13227153506645,43.429453183956085,65.09500122070312,-2.7198679965973027,-0.3189107895717261,73.4978125,63.30072916666666,73.33760416666667,72.52385416666667,37.18177083333333,-43.502400272291545,22.61081146240234
2026-03-17,28.78,-15.099999999999994,43.879999999999995,808.69,979.9626666666667,-171.27266666666662,51.55899810791016,58.64307110126204,88.46729336725572,44.230342606083894,62.67499923706055,-6.336399343129839,-0.36334628525422324,126.15708333333332,71.68249999999999,121.25947916666668,113.76739583333334,49.04979166666666,8.274288369263076,74.59808522542315
2026-03-18,28.66,-15.1375,43.7975,783.03,1000.204,-217.17399999999998,54.6619987487793,68.19076538085938,97.67827970565084,51.63759134162543,62.39500045776367,-4.594802749241755,-0.44955217597180086,88.90520833333333,25.995729166666667,90.88260416666668,80.92343749999999,28.878125,-35.25368124643961,34.24320958455404
2026-03-19,28.55,-15.1375,43.6875,816.34,1022.9473333333333,-206.60733333333326,61.85200119018555,107.4039304735555,119.63709645192915,69.81981985834871,59.96500015258789,-9.486792222508845,-0.5536584169754251,113.79458333333334,30.7471875,108.01072916666668,100.29447916666668,24.953125,-24.546920555010942,51.94258214314779
2026-03-20,28.51,-15.124999999999996,43.635,982.61,1051.152,-68.54200000000003,59.255001068115234,88.22464144591333,110.41512213709748,61.16081889129587,63.6349983215332,-5.697991766630983,-0.5739298690877965,143.024375,55.06791666666666,131.36833333333334,118.73885416666668,37.56635416666666,9.241531730651847,83.76937393188476
2026-03-21,28.49,-15.085000000000004,43.575,1336.57,1091.3576666666665,245.2123333333334,59.255001068115234,76.75924938662493,110.41512213709748,59.66055998772048,63.6349983215332,-5.445772011935867,-0.5908679551684027,114.3334375,40.56625,106.77958333333332,96.0578125,41.466875,-19.449405769348143,55.07843643188477
2026-03-22,28.48,-15.099999999999998,43.58,1447.6,1132.6663333333333,314.93366666666657,59.255001068115234,85.00422214308598,114.01741062700496,58.16573751585048,63.6349983215332,-8.061833867789636,-0.5820496135780789,83.24125,40.963125,77.80677083333333,72.118125,28.150625,-50.541593269348155,23.98624893188476
2026-03-23,28.42,-15.1875,43.6075,933.99,1137.9143333333334,-203.92433333333338,56.68299865722656,76.97399183679303,104.3956365927293,50.01239089910173,65.09500122070312,-5.952460211187027,-0.5497581942849389,141.913125,86.31166666666667,134.5565625,125.42864583333332,33.813854166666665,13.084345657037238,85.23012634277345
2026-03-24,28.45,-15.2,43.65,1544.85,1131.423,413.4269999999999,54.04100036621094,68.7252224515585,92.35095813126948,41.93737692705273,67.06500244140625,-3.106254439411704,-0.48477290559191993,76.80770833333334,51.0578125,78.39333333333333,72.04322916666666,54.337291666666665,-47.0271780092408,22.7667079671224
2026-03-25,28.44,-15.257499999999997,43.6975,1325.91,1151.863,174.04700000000003,52.81600189208984,65.91066940903704,87.99075701341852,37.72634265618611,66.86499786376953,-0.8379095934289649,-0.44949158788019505,37.684895833333336,16.2209375,42.244166666666665,35.0321875,19.053229166666668,-83.60959269859676,-15.131106058756501
2026-03-26,28.29,-15.402500000000003,43.6925,648.19,1157.983,-509.7929999999999,55.21799850463867,78.75108338399983,96.5403091445947,42.86720065838166,67.40499877929688,0.6871298626777378,-0.4105096428874688,91.481875,70.6271875,90.83791666666669,87.4809375,5.021458333333333,-34.823727620027505,36.26387649536133
2026-03-27,28.15,-15.5225,43.6725,688.88,1152.6589999999999,-463.7789999999999,54.17699813842773,74.48309007931742,92.8350221125494,39.130576277094825,67.3949966430664,-1.8281206917954762,-0.31988593017818984,118.52572916666666,114.99645833333334,118.20145833333332,117.77875,9.044166666666667,-5.653362478554637,64.34873102823894
2026-03-28,28.13,-15.495000000000001,43.625,1062.46,1152.2190000000003,-89.75900000000024,54.17699813842773,68.1262406289894,92.8350221125494,38.10277673826844,67.3949966430664,0.6120714025215523,-0.2774331457354681,80.99927083333334,62.6253125,78.25031249999999,75.575,3.0283333333333338,-43.179820811887964,26.822272694905614
2026-03-29,28.1,-15.5225,43.6225,1412.21,1150.867,261.3430000000001,54.17699813842773,69.52031903135165,89.86821821394251,37.10697402879406,67.3949966430664,2.1059002310260144,-0.283827231817863,68.87913043478261,50.45260869565218,67.78434782608696,64.83619565217391,0.1778260869565217,-55.299961210438696,14.702132296354883
2026-03-30,28.05,-15.609999999999996,43.66,1023.12,1125.624,-102.50400000000002,54.81399917602539,71.51350106113017,97.41409529639982,37.67196028785495,68.0999984741211,3.1740039510336215,-0.3015122286762152,58.44083333333333,47.27729166666666,59.3865625,59.26375,10.5846875,-67.18067079930728,3.6268341573079397
2026-03-31,27.66,-16.0125,43.6725,481.76,1096.8756666666666,-615.1156666666666,50.75699996948242,58.8191137116161,80.23863227365906,26.68347224283129,68.11000061035156,3.1891575555282436,-0.42705200148828,117.82802083333333,108.76166666666668,121.23510416666666,118.1478125,7.5553125,0.4840864866087973,67.0710208638509
2026-04-01,27.87,-15.912499999999998,43.7825,571.52,1079.4096666666667,-507.8896666666667,47.5099983215332,6.749646716661317,68.7084958123127,17.946454798763835,70.19999694824219,6.082347881927985,-0.5192870014467684,144.21395833333335,134.69947916666666,143.3284375,141.65447916666668,5.151770833333333,33.074378701761475,96.70396001180015
2026-04-02,27.87,-16.13,44.0,866.79,1075.367,-208.577,50.04399871826172,-7.820965418424297,72.54171568917897,23.52039239386256,67.20500183105469,-3.162823698218098,-0.5660485549976543,114.035,109.9878125,123.6625,120.02916666666664,5.004479166666667,-1.6710199989786005,63.99100128173828
2026-04-03,27.92,-16.097499999999997,44.0175,1531.04,1096.0720000000001,434.96799999999985,50.04399871826172,2.6185750035826016,72.54171568917897,22.811745694681843,67.20500183105469,1.0525593662824129,-0.5772882037375779,84.63635416666666,75.40989583333334,89.58625,84.71447916666666,14.438645833333332,-31.069665832311934,34.592355448404945
2026-04-04,28.22,-15.795000000000002,44.015,2760.39,1143.922,1616.4679999999998,50.04399871826172,-1.3542021412865979,72.54171568917897,22.111183741997227,67.20500183105469,1.4261993123412475,-0.5854167637784673,33.075,19.588541666666668,70.17052083333333,45.07958333333334,21.213854166666668,-82.63101999897859,-16.968998718261716
2026-04-05,28.37,-15.66,44.03,2897.76,1200.538,1697.2220000000002,50.04399871826172,-6.25831171361837,82.64899599142832,21.366056459054132,67.20500183105469,1.5411412103746303,-0.5916888030416835,-16.340520833333333,-3.5630208333333333,14.459166666666668,0.0540625000000001,23.14614583333333,-132.04654083231193,-66.38451955159505
2026-04-06,28.56,-15.575,44.135,2559.92,1235.093,1324.827,50.04399871826172,-6.25831171361837,78.27015467583398,20.6517151225724,67.20500183105469,1.5411412103746303,-0.5975143837101416,3.035833333333333,3.474375,78.73593749999999,36.84947916666667,19.404166666666665,-112.67018666564528,-47.00816538492838
2026-04-07,28.72,-15.567499999999995,44.287499999999994,2186.04,1250.7023333333334,935.3376666666666,53.24700164794922,-0.2584933556667779,85.03318920458057,27.537864516051197,67.42500305175781,1.8735446685878898,-0.5923472418392183,89.88864583333333,36.18635416666667,89.22927083333333,88.535625,33.47479166666667,-32.39855508505893,36.64164418538411
2026-04-08,28.87,-15.547500000000003,44.417500000000004,2129.43,1284.7973333333334,844.6326666666664,45.30099868774414,-19.754487099135986,63.54741926063401,7.9995775102556355,67.66000366210938,1.2798493421567247,-0.6161650377585488,86.969375,54.173750000000005,86.40552083333334,86.12270833333334,63.205937500000005,-19.148963469836183,41.66837631225586
2026-04-09,29.02,-15.570000000000004,44.59,2133.04,1318.3466666666666,814.6933333333334,46.17499923706055,-2.5700045984353603,62.73700691872654,9.566585917543,69.3949966430664,0.9014832474474099,-0.6268537215473075,81.63114583333333,51.78822916666667,79.94270833333333,78.70020833333334,53.201145833333335,-26.621335809097815,35.45614659627279
2026-04-10,29.14,-15.545000000000002,44.685,1999.48,1345.517,653.963,43.63800048828125,-12.704791306925134,53.79572722723651,3.1316163113436426,68.44499969482422,1.1676903847186226,-0.6356574852457021,119.56520833333332,39.93208333333333,117.3396875,113.92895833333334,44.4840625,16.682174541343613,75.92720784505207
2026-04-11,29.33,-15.472500000000004,44.8025,2447.49,1394.6870000000001,1052.8029999999997,43.63800048828125,-14.216627866037912,53.79572722723651,2.7198911786317144,68.44499969482422,6.454625778157919,-0.666185491406696,46.57208333333333,10.935416666666669,59.10447916666666,48.757604166666674,28.9090625,-56.31095045865637,2.9340828450520817
2026-04-12,29.5,-15.545000000000002,45.045,2376.85,1436.0819999999999,940.768,43.63800048828125,-12.924276111455379,44.276929412146785,2.361358548770389,68.44499969482422,5.130168444319594,-0.6884434964266944,79.730625,40.844479166666666,73.11395833333333,67.13760416666666,13.328541666666666,-23.1524087919897,36.09262451171875
2026-04-13,29.52,-15.742500000000003,45.2625,1668.95,1460.3363333333334,208.61366666666663,46.41299819946289,-7.3870165719151615,47.46925564617142,8.448369940036423,68.375,5.02265029484581,-0.7100648253392444,127.30197916666668,117.63645833333334,128.86208333333337,128.42677083333334,23.804583333333337,18.769824677966895,80.88898096720379
2026-04-14,29.51,-15.962499999999995,45.4725,1229.74,1457.2846666666667,-227.54466666666667,43.3650016784668,-13.469020800013887,36.31220586822823,1.0234526773524437,70.43000030517578,8.17909019841112,-0.7484042025925673,138.08739583333332,90.56197916666667,132.4534375,124.28697916666664,45.96802083333333,35.360532346245364,94.72239415486652
2026-04-15,29.55,-16.1775,45.7275,1573.22,1474.2623333333333,98.95766666666668,41.39899826049805,-18.64523863390857,24.853721814722697,-3.761854305086138,70.04000091552734,7.59658898854354,-0.7740398520143233,117.53041666666668,70.30489583333333,111.03052083333334,103.696875,59.90385416666667,18.89458492969333,76.13141840616863
2026-04-16,29.7,-16.267500000000002,45.9675,2074.52,1516.4566666666665,558.0633333333335,42.422000885009766,-17.721440598549187,15.030231363308143,-1.5247216899081373,70.69499969482422,12.796171608122409,-0.8283163251127372,110.68291666666666,73.31406249999999,106.1771875,100.13875,69.33218749999999,9.827014718088147,68.26091578165689
2026-04-17,29.92,-16.1875,46.1075,2801.56,1583.7410000000002,1217.8189999999997,38.76900100708008,-29.075039525615843,5.124865931172851,-10.048373425057754,72.58000183105469,16.32342543243577,-0.8696073322597131,104.64916666666666,72.07875,106.2371875,107.40979166666666,70.86999999999999,10.867596078262832,65.88016565958658
2026-04-18,30.2,-16.092500000000005,46.292500000000004,3424.56,1670.6816666666666,1753.8783333333333,38.76900100708008,-37.31973054861836,5.124865931172851,-10.092180174800884,72.58000183105469,21.037274487395095,-0.8854404034061566,84.5871875,47.29989583333333,92.3609375,99.5325,46.56187500000001,-9.194383088403828,45.81818649291992
2026-04-19,30.46,-16.012499999999996,46.4725,3154.87,1743.0903333333333,1411.7796666666666,38.76900100708008,-34.57260938614437,5.124865931172851,-10.135944277239558,72.58000183105469,14.056735672914478,-0.8869166135747812,80.81364583333333,25.32020833333333,78.59677083333334,79.76625,36.21927083333333,-12.967924755070502,42.04464482625325
2026-04-20,30.61,-16.0325,46.6425,2075.52,1767.722,307.798,40.29199981689453,-32.002364204537294,12.274636085310942,-6.711566571978602,71.66500091552734,12.618846241529491,-0.8821278205147721,97.70760416666668,21.069791666666667,101.78947916666668,116.91708333333334,50.84645833333334,1.0027029268433605,57.41560434977215
2026-04-21,30.7,-16.125000000000004,46.825,1778.3,1778.7453333333333,-0.4453333333333376,41.930999755859375,-29.236353050338227,6.945010100074511,-2.9847352312473574,71.32499694824219,12.084542829486944,-0.8702457278922804,82.57125,16.538333333333334,76.64333333333333,75.034375,45.27822916666667,-17.409868273053846,40.64025024414063
2026-04-22,30.82,-16.237500000000004,47.057500000000005,1817.35,1808.1906666666666,9.15933333333328,43.55199813842773,-23.165677239845095,14.372750804658807,0.6241736616169431,70.23500061035156,7.896150692464676,-0.858946663615461,78.66635416666666,11.440520833333332,73.63479166666666,69.7746875,48.997083333333336,-24.402744810558495,35.11435602823894
2026-04-23,30.95,-16.3175,47.2675,1933.03,1821.13,111.89999999999986,44.49599838256836,-17.66251904842713,11.131638539083145,2.6877341372746963,70.55999755859375,5.211354640956034,-0.8538204063172184,64.21229166666667,20.79854166666667,74.88104166666666,60.985729166666665,49.08354166666667,-40.84898780459449,19.716293284098313
2026-04-24,31.19,-16.264999999999997,47.455,2841.62,1871.6536666666666,969.9663333333333,44.86100006103516,-15.061726647366847,12.043253876911407,3.402230592396448,70.75499725341797,5.817691638267752,-0.8444811161309876,76.10989583333334,22.99802083333333,79.65875,79.14270833333333,72.64083333333333,-29.735674960908455,31.248895772298177
2026-04-25,31.47,-16.1325,47.6025,3447.66,1964.9693333333332,1482.6906666666666,44.86100006103516,-18.756562577568715,12.043253876911407,3.27469264066131,70.75499725341797,4.969955544528593,-0.8412821443377254,16.129479166666666,1.3145833333333334,51.99395833333333,29.165729166666665,50.78843749999999,-89.71609162757512,-28.731520894368497
2026-04-26,31.75,-15.967500000000001,47.7175,3361.22,2054.0473333333334,1307.1726666666664,44.86100006103516,-17.195485902687413,14.698815251298768,3.123046788181272,70.75499725341797,4.985534205375219,-0.8345605388015689,2.985208333333332,-40.8325,12.946145833333333,16.15791666666667,35.300104166666664,-102.86036246090846,-41.87579172770183
2026-04-27,31.97,-12.340000000000003,44.31,2805.16,2112.137333333333,693.0226666666667,44.64599990844727,-17.592333568625907,15.182781869909201,2.4747899986986646,70.5999984741211,4.7555486173978645,-0.828809130097701,98.35489583333332,36.9103125,96.10302083333332,95.4728125,46.98520833333333,-7.020589385882559,53.70889592488604
2026-04-28,32.23,-12.282000000000004,44.512,3124.94,2169.2283333333335,955.7116666666666,43.59400177001953,-19.53411361287971,12.179310109237296,-0.0604666260495,70.8550033569336,5.133922228962895,-0.8247670859086922,70.64510416666667,18.845,62.45614583333333,61.4271875,55.67124999999999,-32.63495706249418,27.05110239664714
2026-04-29,32.49,-12.259999999999998,44.75,3069.87,2237.453333333333,832.416666666667,46.85300064086914,-14.523659384149145,16.80253746368894,7.226719160737841,68.94999694824219,1.2481622513458746,-0.8487690796106813,65.35770833333333,3.317604166666667,60.11947916666667,51.67666666666667,75.72083333333333,-44.18855970504657,18.504707692464194
2026-04-30,32.73,-12.244000000000007,44.974000000000004,3030.88,2322.424,708.4560000000001,45.98699951171875,-9.397719448808296,17.05994575623788,5.0657526172912775,69.38500213623047,1.8719740338471347,-0.8482862325934697,72.06145833333333,11.588229166666666,66.67135416666666,57.455625,64.38645833333334,-35.80533150985614,26.074458821614584
2026-05-01,33.07,-12.211999999999996,45.282,3920.54,2434.0579999999995,1486.4820000000004,45.76599884033203,-3.670805183781134,16.4973883622068,4.389092322802524,69.81999969482422,-0.5413066523323851,-0.8633171482320884,-2.0785416666666667,-41.39270833333333,1.2420833333333337,-5.465520833333333,57.87458333333333,-109.58217923835184,-47.8445405069987
2026-05-02,33.44,-12.136000000000003,45.576,4183.66,2544.6203333333333,1639.0396666666666,45.76599884033203,-8.548477314960422,16.4973883622068,4.21791194196892,69.81999969482422,3.8910762480794503,-0.8510680797059608,58.85093750000001,25.594791666666666,76.82020833333333,68.47604166666666,43.635,-48.652700071685175,13.084938659667976
2026-05-03,33.79,-12.061999999999998,45.852,4091.01,2629.9526666666666,1461.0573333333336,45.76599884033203,-8.548477314960422,34.8239777633883,3.9071295204355554,69.81999969482422,3.8910762480794503,-0.8362143491003138,74.97208333333333,32.302708333333335,89.8153125,85.46333333333332,48.12958333333333,-32.531554238351845,29.2060844930013
2026-05-04,34.07,-12.043999999999997,46.114,3238.88,2645.902333333333,592.9776666666671,48.14300155639648,-3.7986516076932597,46.50943597740063,8.88408596070822,69.81999969482422,3.8910762480794503,-0.8036892749950048,131.06291666666667,111.38375,127.62291666666664,123.73552083333334,69.7084375,18.708253143829563,82.91991511027018
2026-05-05,34.25,-12.112000000000002,46.362,2965.23,2648.1513333333337,317.0786666666663,46.92599868774414,-6.230517365471389,40.073429023582776,5.774764865995824,71.46499633789062,6.338805729884589,-0.7317475349232798,128.73041666666668,92.0559375,123.0109375,119.98239583333331,64.34135416666666,18.527143145710447,81.80441797892254
2026-05-06,34.26,-12.329999999999998,46.589999999999996,2087.61,2632.407666666667,-544.7976666666668,43.902000427246094,-12.273196483746073,30.137837951527402,-1.292900132019439,71.80500030517578,6.844726357846009,-0.6828801080785384,122.44458333333334,113.39739583333332,121.77927083333331,122.06125,78.02427083333333,18.344054032410085,78.54258290608725
